Reversed left context,Reversed center,Left context,Center,Punct,Right context,Title,Author,Birthday,Header,Created,Sphere,Type,Topic,Publication,Publ_year,Medium,Ambiguity,Full context
 то ясьтажредзов ешчул гревтеч В, йортсо ,В четверг лучше воздержаться от , острой , , пищи.,"Твой гороскоп // «Даша», 2004",,,Твой гороскоп,2004,"нехудожественная, публицистика",гороскоп,"астрология, парапсихология, эзотерика",«Даша»,2004,журнал,омонимия снята,"В четверг лучше воздержаться от острой пищи. [Твой гороскоп // «Даша», 2004] [омонимия снята]"
 ястюачертсв огесв ещач ( аквабод, еыртсо ,добавка ( чаще всего встречаются , острые , , колбаски и свиные ребрышки).,"Григорий Тарасевич. Фейжоада: кастрюля бразильской истории // «Русский репортер», 2014",Григорий Тарасевич,,Фейжоада: кастрюля бразильской истории,2014,"нехудожественная, публицистика",статья,дом и домашнее хозяйство,«Русский репортер»,2014,журнал,омонимия не снята,"Конечно, есть строгие рецепты, предписывающие, какой именно должна быть мясная добавка ( чаще всего встречаются острые колбаски и свиные ребрышки). [Григорий Тарасевич. Фейжоада: кастрюля бразильской истории // «Русский репортер», 2014] [омонимия не снята]"
" ,ещбоов И", еортсо ,"И вообще, ", острое , ― ," пища бедных, ― добавил он.",Алексей Иванов (Алексей Маврин). Псоглавцы. Гл. 1-20 (2011),Алексей Иванов (Алексей Маврин),1969,Псоглавцы. Гл. 1-20,2011,художественная,роман,_,,,книга,омонимия не снята,"И вообще, острое ― пища бедных, ― добавил он. [Алексей Иванов (Алексей Маврин). Псоглавцы. Гл. 1-20 (2011)] [омонимия не снята]"
 умечоП, еортсо ,Почему , острое , ― , пища бедных? ,Алексей Иванов (Алексей Маврин). Псоглавцы. Гл. 1-20 (2011),Алексей Иванов (Алексей Маврин),1969,Псоглавцы. Гл. 1-20,2011,художественная,роман,_,,,книга,омонимия не снята,Почему острое ― пища бедных?  [Алексей Иванов (Алексей Маврин). Псоглавцы. Гл. 1-20 (2011)] [омонимия не снята]
" ее оп и ,угинк юущятселб", мыртсо ,"блестящую книгу, и по ее ", острым , , ребрышкам забегали искры.,Юлия Лавряшина. Улитка в тарелке (2011),Юлия Лавряшина,1965,Улитка в тарелке,2011,художественная,повесть,_,,,книга,омонимия не снята,"Дрим уже раскрыл большую блестящую книгу, и по ее острым ребрышкам забегали искры. [Юлия Лавряшина. Улитка в тарелке (2011)] [омонимия не снята]"
 ьтялбертопу онаводнемокер ен еничирп йони, юуртсо ,иной причине не рекомендовано употреблять , острую , , пищу и пряности.,"И. Сокольский. Родственники горчицы // «Наука и жизнь», 2007",И. Сокольский,,Родственники горчицы,2007,"нехудожественная, публицистика",статья,"здоровье и медицина, природа",«Наука и жизнь»,2007,журнал,омонимия не снята,"Руколу не стоит есть только людям, которым по той или иной причине не рекомендовано употреблять острую пищу и пряности. [И. Сокольский. Родственники горчицы // «Наука и жизнь», 2007] [омонимия не снята]"
" ,еинечпок и еинелос илыб анемерв", яартсо ,"времена были соление и копчение, ", острая , , пища вызывала сильную жажду.,"С. Матссон-Попова. Корабль «Васа» // «Наука и жизнь», 2007",С. Матссон-Попова,,Корабль «Васа»,2007,"нехудожественная, публицистика",статья,"история, техника",«Наука и жизнь»,2007,журнал,омонимия не снята,"Поскольку основными методами консервирования в те времена были соление и копчение, острая пища вызывала сильную жажду. [С. Матссон-Попова. Корабль «Васа» // «Наука и жизнь», 2007] [омонимия не снята]"
 к юьвобюл йеовс ынтсевзи ыцнакискеМ, йортсо ,Мексиканцы известны своей любовью к , острой , ," пище, но недавно удивили мир,","обобщенный. Кунсткамера // «Наука и жизнь», 2007",обобщенный,,Кунсткамера,2007,"нехудожественная, публицистика",заметка,наука и технологии,«Наука и жизнь»,2007,журнал,омонимия не снята,"Мексиканцы известны своей любовью к острой пище, но недавно удивили мир, начав выпускать леденцы с начинкой из перца. [обобщенный. Кунсткамера // «Наука и жизнь», 2007] [омонимия не снята]"
" тядялгыв ,оревтечв или еортв еыннежолс", еертсо ,"сложенные втрое или вчетверо, выглядят ", острее , (, рис.,"Лариса Банакина. Лоскутки жизни // «Народное творчество», 2004.04.19",Лариса Банакина,,Лоскутки жизни,2004,"нехудожественная, учебно-научная",статья,искусство и культура,«Народное творчество»,2004.04.19,журнал,омонимия не снята,"Зубчики, сложенные втрое или вчетверо, выглядят острее (рис. [Лариса Банакина. Лоскутки жизни // «Народное творчество», 2004.04.19] [омонимия не снята]"
" ,уксисос юунёрав ,нелч йишватсв ьртунв", юуртсо ,"внутрь вставший член, варёную сосиску, ", острую , ," морковку, всего, что там полагается,",Женщина + мужчина: Секс (форум) (2004),,,Женщина + мужчина: Секс (форум),2004,"нехудожественная, электронная коммуникация",форум,частная жизнь,,,электронный текст,омонимия не снята,"Вобщем, мне одна девушка с фантазией « хот-дог» делала: берёте… батон: -), разрезаете его на две части вдоль, кладёте внутрь вставший член, варёную сосиску, острую морковку, всего, что там полагается, вобщем, кетчупа, майонеза. [Женщина + мужчина: Секс (форум) (2004)] [омонимия не снята]"
 имикгел с ― уолс йымеавызан, ортсо ,называемый слоу ― с легкими , остро ,-, сладкими заправками.,"Имбирь + лайм + кориандр // «Homes & Gardens», 2004.04.16",,,Имбирь + лайм + кориандр,2004,"нехудожественная, публицистика",рецепт,дом и домашнее хозяйство,«Homes & Gardens»,2004.04.16,журнал,омонимия не снята,"В дополнение к основным блюдам советуем приготовить свежий салат из зелени и восточный салат из краснокачанной капусты ― так называемый слоу ― с легкими остро-сладкими заправками. [Имбирь + лайм + кориандр // «Homes & Gardens», 2004.04.16] [омонимия не снята]"
 !лад отэ ― едзев и, еортсО ,и везде ― это дал! , Острое , , варево из дробленой чечевицы или из,Марина Москвина. Небесные тихоходы: путешествие в Индию (2003),Марина Москвина,1954,Небесные тихоходы: путешествие в Индию,2003,"нехудожественная, публицистика",очерк,путешествия,,,книга,омонимия не снята,"повсюду и везде ― это дал!  Острое варево из дробленой чечевицы или из лущеного гороха, фасоли или вьющихся бобов ― с топленым маслом, лимонным соком, кокосовым орехом, арахисом, картошкой, цветной капустой, кабачками, йогуртом, тмином, перцем ― обязательно!  [Марина Москвина. Небесные тихоходы: путешествие в Индию (2003)] [омонимия не снята]"
"( абутшуг ,)ирак -анинараб (", еыртсо ,"( баранина- кари), гуштуба (", острые , , тефтели в йогурте) и бирияни,Марина Москвина. Небесные тихоходы: путешествие в Индию (2003),Марина Москвина,1954,Небесные тихоходы: путешествие в Индию,2003,"нехудожественная, публицистика",очерк,путешествия,,,книга,омонимия не снята,"На « северной» стороне стола были представлены самые популярные блюда севера ― роган- джош ( баранина- кари), гуштуба (острые тефтели в йогурте) и бирияни ( курица с апельсиновым соком и рисом), а также знаменитые северные тандури ( на вид непонятно ― курица, мясо или рыба, могло быть и то, и другое, и третье), маринованные с травами и запеченные в глиняной печи. [Марина Москвина. Небесные тихоходы: путешествие в Индию (2003)] [омонимия не снята]"
" ,мосихара и мохорог с ,мотанипш", йыртсо ,"шпинатом, с горохом и арахисом, ", острый , , рис со щепоткой чабреца…,Марина Москвина. Небесные тихоходы: путешествие в Индию (2003),Марина Москвина,1954,Небесные тихоходы: путешествие в Индию,2003,"нехудожественная, публицистика",очерк,путешествия,,,книга,омонимия не снята,"Одних казанов риса над медленным огнем висело восемь или девять: продолговатый рис в густом кокосовом молоке с кардамоном и корицей, лимонный рис с семенами кориандра, рис вперемешку с картофелем, осыпанный красным перцем и тмином, рис вместе с шариками творога, красный, желтый рис, разноцветный, со шпинатом, с горохом и арахисом, острый рис со щепоткой чабреца… [Марина Москвина. Небесные тихоходы: путешествие в Индию (2003)] [омонимия не снята]"
" ,яинедап ,вораду ьтагебзи ,еечярог ан", огортсо ,"на горячее, избегать ударов, падения, ", острого ,", ", холодного…,Влада Валеева. Скорая помощь (2002),Влада Валеева,,Скорая помощь,2002,художественная,роман,_,,,книга,омонимия не снята,"Своего рода защитная реакция, которая учит человека дуть на горячее, избегать ударов, падения, острого, холодного… [Влада Валеева. Скорая помощь (2002)] [омонимия не снята]"
 йотсуг тюатичс яьлемхоп то мовтсракел, йыртсо ,лекарством от похмелья считают густой , острый , ," суп menudo из телячьих ножек,","Владимир Салмин. Утро похмельной казни. Таблетки для водителей создают лишь видимость трезвости // «Известия», 2002.12.30",Владимир Салмин,,Утро похмельной казни. Таблетки для водителей создают лишь видимость трезвости,2002,"нехудожественная, публицистика",статья,политика и общественная жизнь,«Известия»,2002.12.30,газета,омонимия не снята,"Мексиканцы лучшим лекарством от похмелья считают густой острый суп menudo из телячьих ножек, требухи, зеленого перца чили, кукурузной муки и приправ. [Владимир Салмин. Утро похмельной казни. Таблетки для водителей создают лишь видимость трезвости // «Известия», 2002.12.30] [омонимия не снята]"
 мЕ, еыртсо ,Ем , острые , , крылышки и смотрю на обедающих,Владимир Спектр. Face Control (2002),Владимир Спектр,,Face Control,2002,художественная,роман,_,,,книга,омонимия не снята,"Ем острые крылышки и смотрю на обедающих рядом: какие-то отстойные экспаты, явно англосаксонского происхождения, одна- две солнцевские бригады, коммерсанты средней руки. [Владимир Спектр. Face Control (2002)] [омонимия не снята]"
 то ясьтажредзов ешчул ьнед тотэ, йортсо ,этот день лучше воздержаться от , острой , , пищи и кофе.,"Елена Голованова. Человек и погода. Как жить // «Домовой», 2002.10.04",Елена Голованова,,Человек и погода. Как жить,2002,"нехудожественная, публицистика",статья,здоровье и медицина,«Домовой»,2002.10.04,журнал,омонимия не снята,"Если синоптики обещают грозу, в этот день лучше воздержаться от острой пищи и кофе. [Елена Голованова. Человек и погода. Как жить // «Домовой», 2002.10.04] [омонимия не снята]"
" ,огокраж яинелвотогирп ялд тидохдоп мохапаз", хыртсо ,"запахом подходит для приготовления жаркого, ", острых , ," салатов, томатного соуса; зеленоватое масло","Инна Щепеткова. Оле, олива! // «Семейный доктор», 2002.05.15",Инна Щепеткова,,"Оле, олива!",2002,"нехудожественная, публицистика",статья,здоровье и медицина,«Семейный доктор»,2002.05.15,журнал,омонимия не снята,"Кстати, испанки, гречанки и итальянки предпочитают держать на кухне несколько бутылочек: масло с интенсивным запахом подходит для приготовления жаркого, острых салатов, томатного соуса; зеленоватое масло из Тосканы ― для пасты и риса; деликатное из Лигурии прекрасно « смотрится» в овощных салатах и песто, а маслом из Андалузии хорошо сбрызнуть овощи и рыбу перед самой подачей к столу. [Инна Щепеткова. Оле, олива! // «Семейный доктор», 2002.05.15] [омонимия не снята]"
" и еынжен ,икшеро ,ысетакилед еиксром", еыртсо ,"морские деликатесы, орешки, нежные и ", острые , , сыры.,"Светлана Ткачева. Искрящийся золотом напиток // «100% здоровья», 2002.12.11",Светлана Ткачева,,Искрящийся золотом напиток,2002,"нехудожественная, публицистика",статья,производство,«100% здоровья»,2002.12.11,журнал,омонимия не снята,"Но независимо от того, последует или нет за бокалом шампанского банкет, к напиткам подают холодные закуски, морские деликатесы, орешки, нежные и острые сыры. [Светлана Ткачева. Искрящийся золотом напиток // «100% здоровья», 2002.12.11] [омонимия не снята]"
 с етсемв евтсечилок мошьлоб в, йортсо ,в большом количестве вместе с , острой , , пищей).,"Татьяна Мироненко. Ягодный парад // «Семейный доктор», 2002.06.15",Татьяна Мироненко,,Ягодный парад,2002,"нехудожественная, публицистика",статья,здоровье и медицина,«Семейный доктор»,2002.06.15,журнал,омонимия не снята,"Сок из свежих ягод рекомендуется принимать натощак при гастрите с пониженной кислотностью желудочного сока, при остеохондрозе, холецистите, при геморрое, глистной инвазии ( в большом количестве вместе с острой пищей). [Татьяна Мироненко. Ягодный парад // «Семейный доктор», 2002.06.15] [омонимия не снята]"
 яачюнов иилатИ В, яартсо ,В Италии вонючая , острая , ," пища, и там дико холодно,",Эдуард Лимонов. Книга воды (2002),Эдуард Лимонов,1943,Книга воды,2002,художественная,повесть,_,,,книга,омонимия не снята,"В Италии вонючая острая пища, и там дико холодно, ― эти истины я запомнил из своего пребывания в Италии зимой с 1974- го на 75- й год. [Эдуард Лимонов. Книга воды (2002)] [омонимия не снята]"
" ,енатемс в ыбирг ,юьлешимрев с", йыртсо ,"с вермишелью, грибы в сметане, ", острый , ," рис с кокосовой стружкой, картофель","Британский наставник // «Домовой», 2002.11.04",,,Британский наставник,2002,"нехудожественная, публицистика",статья,"наука и технологии, образование",«Домовой»,2002.11.04,журнал,омонимия не снята,"Ужин: салат- бар, жареная говядина с зеленым перцем и соусом из черных бобов, куриные крылышки с острой приправой, коктейль из морепродуктов с вермишелью, грибы в сметане, острый рис с кокосовой стружкой, картофель фри, брокколи, свежие фрукты, выпечка, сыры, десерт, чай, кофе. [Британский наставник // «Домовой», 2002.11.04] [омонимия не снята]"
 юукат угом ен отсорП, юуртсо ,Просто не могу такую , острую , ," пищу употреблять, тем более красный","Встреча с Ю. В. Андроповым // «Жизнь национальностей», 2002.10.14",,,Встреча с Ю. В. Андроповым,2002,"нехудожественная, публицистика",интервью,политика и общественная жизнь,«Жизнь национальностей»,2002.10.14,журнал,омонимия не снята,"Просто не могу такую острую пищу употреблять, тем более красный перец, ― откровенно признался я. [Встреча с Ю. В. Андроповым // «Жизнь национальностей», 2002.10.14] [омонимия не снята]"
" и ,огонриж оннебосо ,асям зеБ", йортсо ,"Без мяса, особенно жирного, и ", острой , ," пищи не мыслит жизни властная,","Кто ты - фосфорус или сульфур? // «Домовой», 2002.03.04",,,Кто ты - фосфорус или сульфур?,2002,"нехудожественная, публицистика",статья,наука и технологии,«Домовой»,2002.03.04,журнал,омонимия не снята,"Без мяса, особенно жирного, и острой пищи не мыслит жизни властная, раздражительная и задиристая натура. [Кто ты - фосфорус или сульфур? // «Домовой», 2002.03.04] [омонимия не снята]"
" икжол еыволотс 2 ,ыцичрог акжол", огортсо ,"ложка горчицы, 2 столовые ложки ", острого , , кетчупа.,"Новый год с огоньком // «100% здоровья», 2002.12.11",,,Новый год с огоньком,2002,"нехудожественная, публицистика",статья,"досуг, зрелища и развлечения",«100% здоровья»,2002.12.11,журнал,омонимия не снята,"500 г свинины, стакан кефира, столовая ложка горчицы, 2 столовые ложки острого кетчупа. [Новый год с огоньком // «100% здоровья», 2002.12.11] [омонимия не снята]"
" ,алкетс еынниртив ,ытсирут еиксдевш ,ыток", йыртсо ,"коты, шведские туристы, витринные стекла, ", острый , ," кетчуп, сытые голуби сделались фактурнее","Александр Гаррос, Алексей Евдокимов. [Голово]ломка (2001)","Александр Гаррос, Алексей Евдокимов",1975,[Голово]ломка,2001,художественная,роман,_,,,книга,омонимия не снята,"Романские контрфорсы, картонные стаканчики Coca- Cola, стриженые кусты, сардельки, блондинки, машины, пивные бутылки, коты, шведские туристы, витринные стекла, острый кетчуп, сытые голуби сделались фактурнее и привлекательнее, обзавелись невидимыми, но прочитываемыми ценниками. [Александр Гаррос, Алексей Евдокимов. [Голово]ломка (2001)] [омонимия не снята]"
 от-йокак мотамора с яславишемс икер, йортсо ,реки смешивался с ароматом какой-то , острой , ," пищи, дымом очага, топившегося углем.",Валериан Скворцов. Сингапурский квартет (2001),Валериан Скворцов,1935,Сингапурский квартет,2001,художественная,роман,_,,,книга,омонимия не снята,"Запах реки смешивался с ароматом какой-то острой пищи, дымом очага, топившегося углем. [Валериан Скворцов. Сингапурский квартет (2001)] [омонимия не снята]"
"« оньлаков в и ,атка", мортсо ,"акта, и в вокально «", остром ,» , втором акте.,"Юлия Кантор. Полет нормальный. На сцене Мариинского театра ― «Валькирия» Вагнера // «Известия», 2001.06.20",Юлия Кантор,,Полет нормальный. На сцене Мариинского театра ― «Валькирия» Вагнера,2001,"нехудожественная, публицистика",статья,искусство и культура,«Известия»,2001.06.20,газета,омонимия не снята,"Абсолютное владение великолепным голосом и сценическая грация делают Зиглинду в равной мере успешной и в лирических эпизодах первого акта, и в вокально «остром» втором акте. [Юлия Кантор. Полет нормальный. На сцене Мариинского театра ― «Валькирия» Вагнера // «Известия», 2001.06.20] [омонимия не снята]"
" мокшилс ,еинеджалхоереП", яартсо ,"Переохлаждение, слишком ", острая , ," пища, обильные возлияния, малоподвижный образ","Вы спрашивали ― отвечаем // «Аргументы и факты», 2001.02.14",,,Вы спрашивали ― отвечаем,2001,"нехудожественная, публицистика",статья,частная жизнь,«Аргументы и факты»,2001.02.14,газета,омонимия не снята,"Переохлаждение, слишком острая пища, обильные возлияния, малоподвижный образ жизни ― сидячая работа, беспорядочная половая жизнь, любая из этих причин может привести к возникновению болезни. [Вы спрашивали ― отвечаем // «Аргументы и факты», 2001.02.14] [омонимия не снята]"
 и хикнот авд илапокв аровд, хыртсо ,двора вкопали два тонких и , острых , , кола.,Алексей Иванов. Сердце Пармы (2000),Алексей Иванов,1969,Сердце Пармы,2000,художественная,роман,_,,,книга,омонимия не снята,Потом посередине двора вкопали два тонких и острых кола. [Алексей Иванов. Сердце Пармы (2000)] [омонимия не снята]
" уклытуб юлетапукоп умоджак алачурв ,ьсяабылу", огортсо ,"улыбаясь, вручала каждому покупателю бутылку ", острого , , кетчупа.,Андрей Житков. Супермаркет (2000),Андрей Житков,1962,Супермаркет,2000,художественная,роман,_,,,книга,омонимия не снята,"Кто-то уже наполнил свою тележку всякой всячиной и вез ее к кассе, где его ждала приятная неожиданность ― гренадерского роста усатая контролерша, широко улыбаясь, вручала каждому покупателю бутылку острого кетчупа. [Андрей Житков. Супермаркет (2000)] [омонимия не снята]"
 лунзырб умосоловонреч азалг в еен, йыртсо ,нее в глаза черноволосому брызнул , острый , , кетчуп.,Андрей Житков. Супермаркет (2000),Андрей Житков,1962,Супермаркет,2000,художественная,роман,_,,,книга,омонимия не снята,"Удар получился таким сильным, что она больно отбила себе руку, а банка треснула, и из нее в глаза черноволосому брызнул острый кетчуп. [Андрей Житков. Супермаркет (2000)] [омонимия не снята]"
 одроб мылеб микгел ьтавипаз язьлен, йыртсо ,нельзя запивать легким белым бордо , острый , , сыр.,Марианна Баконина. Девять граммов пластита (2000),Марианна Баконина,1964,Девять граммов пластита,2000,художественная,роман,_,,,книга,омонимия не снята,"Разбирался в винах, знал, что к чему идет и почему нельзя запивать легким белым бордо острый сыр. [Марианна Баконина. Девять граммов пластита (2000)] [омонимия не снята]"
" и ,иксьнаучыс -оп анинивс и", йыртсо ,"и свинина по- сычуаньски, и ", острый , ," суп, и знаменитые китайские пельмени,",Петр Галицкий. Цена Шагала (2000),Петр Галицкий,,Цена Шагала,2000,художественная,роман,_,,,книга,омонимия не снята,"Были здесь и чудные печеные грибочки « му- эр», и язык в пяти специях, и свинина по- сычуаньски, и острый суп, и знаменитые китайские пельмени, и, конечно, зеленый чай, которым все начиналось и заканчивалось. [Петр Галицкий. Цена Шагала (2000)] [омонимия не снята]"
 онжом авилсомас яинечепсебо ялд ямерв, мыртсо ,время для обеспечения самослива можно , острым , , горячим предметом проплавить отверстие диаметром,Руководство по эксплуатации насоса (2000),,,Руководство по эксплуатации насоса,2000,"бытовая, нехудожественная",инструкция,техника,,,прочая печатная продукция,омонимия не снята,"Чтобы исключить замерзание воды в шланге и трубах в зимнее время для обеспечения самослива можно острым горячим предметом проплавить отверстие диаметром 1, 5 ― 2 мм в шланге у выхода насоса. [Руководство по эксплуатации насоса (2000)] [омонимия не снята]"
 с кощроБ, имыртсо ,Борщок с , острыми , , гренками ,Что у нас на обед (2000),,,Что у нас на обед,2000,"бытовая, нехудожественная",рецепт,дом и домашнее хозяйство,,,книга,омонимия не снята,Борщок с острыми гренками [Что у нас на обед (2000)] [омонимия не снята]
 ястудалк уклерат юувокжорип ан оньледто, еыртсо ,отдельно на пирожковую тарелку кладутся , острые , , гренки.,Что у нас на обед (2000),,,Что у нас на обед,2000,"бытовая, нехудожественная",рецепт,дом и домашнее хозяйство,,,книга,омонимия не снята,"Подается борщок в бульонной чашке, отдельно на пирожковую тарелку кладутся острые гренки. [Что у нас на обед (2000)] [омонимия не снята]"
 яинелвотогирп ялД, хыртсо ,Для приготовления , острых , , гренок из белого хлеба нарезать,Что у нас на обед (2000),,,Что у нас на обед,2000,"бытовая, нехудожественная",рецепт,дом и домашнее хозяйство,,,книга,омонимия не снята,"Для приготовления острых гренок из белого хлеба нарезать куски в форме прямоугольников размером 4× 6 см, толщиной около 0, 5 см и слегка обжарить их на масле. [Что у нас на обед (2000)] [омонимия не снята]"
" ,абелх оголеб ,ыничтев екретсок ан", огортсо ,"на костерке ветчины, белого хлеба, ", острого , ," сыра, зелени и непременного вина.",Андрей Белянин. Свирепый ландграф (1999),Андрей Белянин,1967,Свирепый ландграф,1999,художественная,роман,_,,,книга,омонимия не снята,"Утренняя трапеза состояла из поджаренной на костерке ветчины, белого хлеба, острого сыра, зелени и непременного вина. [Андрей Белянин. Свирепый ландграф (1999)] [омонимия не снята]"
 и юунриж аноицар зи етичюлксИ, юуртсо ,Исключите из рациона жирную и , острую , ," пищу, поменьше ешьте сладостей ―",Владимир Шахиджанян. 1001 вопрос про ЭТО (№№ 1-500) (1999),Владимир Шахиджанян,1940,1001 вопрос про ЭТО (№№ 1-500),1999,"нехудожественная, учебно-научная",учебное пособие,здоровье и медицина,,,книга,омонимия не снята,"Исключите из рациона жирную и острую пищу, поменьше ешьте сладостей ― сахара достаточно в организме и в тех продуктах, где он содержится в натуральном виде. [Владимир Шахиджанян. 1001 вопрос про ЭТО (№№ 1-500) (1999)] [омонимия не снята]"
 еинечелву или ссертс ен теавызывюутсачаз, йортсо ,зачастуювызывает не стресс или увлечение , острой , ," пищей, как считалось раньше, а","И. Климовская. О желудке // «Здоровье», 1999.03.15",И. Климовская,,О желудке,1999,"нехудожественная, публицистика",статья,здоровье и медицина,«Здоровье»,1999.03.15,журнал,омонимия не снята,"Ученые США и Швеции установили, что язву желудка зачастуювызывает не стресс или увлечение острой пищей, как считалось раньше, а особая бактерия ― хеликобактер пилори. [И. Климовская. О желудке // «Здоровье», 1999.03.15] [омонимия не снята]"
 меЧ, еертсо ,Чем , острее , ," лук, тем больше их в","Т. А. Гаврилова, Т. М. Воробьева. Домашнее консервирование (1999)","Т. А. Гаврилова, Т. М. Воробьева",,Домашнее консервирование,1999,"нехудожественная, публицистика",монография,дом и домашнее хозяйство,,,книга,омонимия не снята,"Чем острее лук, тем больше их в нем. [Т. А. Гаврилова, Т. М. Воробьева. Домашнее консервирование (1999)] [омонимия не снята]"
" огондолох мокишвок с ьсалащарвзов ,ехабур", огортсо ,"рубахе, возвращалась с ковшиком холодного ", острого , , кваса.,Борис Хазанов. Далекое зрелище лесов (1998),Борис Хазанов,1928,Далекое зрелище лесов,1998,художественная,повесть,_,,,книга,омонимия не снята,"Ее пальцы, которые я теперь так хорошо знал, отколупнули пуговку на груди, закрыв глаза, она лежала среди белых сугробов, на своей высокой кровати, под вечер доила корову, среди ночи вставала и босиком, в белой рубахе, возвращалась с ковшиком холодного острого кваса. [Борис Хазанов. Далекое зрелище лесов (1998)] [омонимия не снята]"
" …яинеджалсан икип яяладто от ,яажилбирп", еыртсо ,"приближая, то отдаляя пики наслаждения… ", острые ,", ", сладкие пики.,Сергей Осипов. Страсти по Фоме. Книга вторая. Примус интер парэс (1998),Сергей Осипов,,Страсти по Фоме. Книга вторая. Примус интер парэс,1998,художественная,роман,_,,,книга,омонимия не снята,"Лоро чувствовал, что может оседлать время, он все мог, то приближая, то отдаляя пики наслаждения… острые, сладкие пики. [Сергей Осипов. Страсти по Фоме. Книга вторая. Примус интер парэс (1998)] [омонимия не снята]"
« :адровссорк сорпов ан реждйенит, йыртсО ,тинейджер на вопрос кроссворда: «, Острый , , кетчуп» ― напишет: « Горький».,"Владимир Казаков. Жизнь замечательных кетчупов // «Столица», 1997.09.29",Владимир Казаков,,Жизнь замечательных кетчупов,1997,"нехудожественная, публицистика",статья,производство,«Столица»,1997.09.29,журнал,омонимия не снята,"Максимум чего, как мне кажется, этим можно добиться, ― что какой-нибудь тинейджер на вопрос кроссворда: «Острый кетчуп» ― напишет: « Горький». [Владимир Казаков. Жизнь замечательных кетчупов // «Столица», 1997.09.29] [омонимия не снята]"
" как ,йоннечропдоп ,хынизаХ зи йонсеретни", йыртсо ,"интересной из Хазиных, подпорченной, как ", острый , ," сыр рокфор, одновременно болезненной и",Эмма Герштейн. Перечень обид (1997),Эмма Герштейн,1903,Перечень обид,1997,"нехудожественная, публицистика",мемуары,_,,,книга,омонимия не снята,"Между тем психически неполноценной была Аня, а именно Надю мы все считали самой интересной из Хазиных, подпорченной, как острый сыр рокфор, одновременно болезненной и выносливой, напористой и кроткой, дерзкой и нежной, болтливой и умной. [Эмма Герштейн. Перечень обид (1997)] [омонимия не снята]"
" еотилоп ,имяицепс ос оцйя леод", мыртсо ,"доел яйцо со специями, политое ", острым , ," кетчупом, и задумался…","Понемногу о многом // «Знание - сила», 1997",,,Понемногу о многом,1997,"нехудожественная, публицистика",заметка,"природа, техника",«Знание - сила»,1997,журнал,омонимия не снята,"Известный яхтсмен Кеннет Фишер доел яйцо со специями, политое острым кетчупом, и задумался… [Понемногу о многом // «Знание - сила», 1997] [омонимия не снята]"
" ,йындолох как ,мокызя доп алесаз", йыртсо ,"засела под языком, как холодный, ", острый , ," леденец, и на короткое время","Дмитрий Бакин. Стражник лжи // «Знамя», 1996",Дмитрий Бакин,1964,Стражник лжи,1996,художественная,рассказ,_,«Знамя»,1996,журнал,омонимия не снята,"Прошло довольно много времени, прежде чем регулярные посещения кинотеатров и просмотр подобных лент вселили в него сначала досаду, а затем устойчивую ненависть, котора засела под языком, как холодный, острый леденец, и на короткое время поколебала его решение стать богатым, так как он сделал вывод, что люди, возведенные им в ранг учителей, в большинстве своем не значительнее выдохнутого воздуха и несут в себе слишком [Дмитрий Бакин. Стражник лжи // «Знамя», 1996] [омонимия не снята]"
 и ― еомижитсопен онбешлов от-отч, еыртсо ,что-то волшебно непостижимое ― и , острые , ," горячие запахи, и способность двигаться,",Борис Левин. Блуждающие огни (1995),Борис Левин,1938,Блуждающие огни,1995,художественная,роман,_,,,книга,омонимия не снята,"Было для меня в автомобиле что-то волшебно непостижимое ― и острые горячие запахи, и способность двигаться, и по- звериному рычать на крутых подъемах, подчиняясь дяди Витиной воле. [Борис Левин. Блуждающие огни (1995)] [омонимия не снята]"
 оп имагон имысоб итди ьсолширп, мыртсо ,пришлось идти босыми ногами по , острым , ," горячим камням, он знал, что","Андрей Лазарчук. Там вдали, за рекой… (1986)",Андрей Лазарчук,1958,"Там вдали, за рекой…",1986,художественная,повесть,_,,,книга,омонимия не снята,"И потом, когда труба кончилась и пришлось идти босыми ногами по острым горячим камням, он знал, что вода где-то рядом, и надо лишь точно повернуть. [Андрей Лазарчук. Там вдали, за рекой… (1986)] [омонимия не снята]"
" и молсам мывоквило йешхапорп ,иироттарт", мыртсо ,"траттории, пропахшей оливковым маслом и ", острым , ," сыром, когда туда вошел Верди? ",Ю. М. Нагибин. Где стол был яств… (1972-1979),Ю. М. Нагибин,1920,Где стол был яств…,1972-1979,художественная,рассказ,_,,,книга,омонимия не снята,"Он что, находился в этой траттории, пропахшей оливковым маслом и острым сыром, когда туда вошел Верди?  [Ю. М. Нагибин. Где стол был яств… (1972-1979)] [омонимия не снята]"
 ьтсе лачан меинеджалсан с никпащоР, еортсо ,Рощапкин с наслаждением начал есть , острое , , горячее хаши.,"O. М. Куваев. Эй, Бако! (1975)",O. М. Куваев,1934,"Эй, Бако!",1975,художественная,рассказ,_,,,книга,омонимия не снята,"Они выпили, и Рощапкин с наслаждением начал есть острое горячее хаши. [O. М. Куваев. Эй, Бако! (1975)] [омонимия не снята]"
 и анив юьлытуб аз коныр, мыртсо ,рынок за бутылью вина и , острым , , сыром сулугуни.,"O. М. Куваев. Эй, Бако! (1975)",O. М. Куваев,1934,"Эй, Бако!",1975,художественная,рассказ,_,,,книга,омонимия не снята,"Вернулся один из банщиков, посланный на рынок за бутылью вина и острым сыром сулугуни. [O. М. Куваев. Эй, Бако! (1975)] [омонимия не снята]"
" ,вецназаК ,ябет у залГ", йыртсо ,"Глаз у тебя, Казанцев, ", острый ,", ", гранату под полой разглядел.,Василий Ардаматский. Ленинградская зима (1971),Василий Ардаматский,1911,Ленинградская зима,1971,художественная,повесть,_,,,книга,омонимия не снята,"Глаз у тебя, Казанцев, острый, гранату под полой разглядел. [Василий Ардаматский. Ленинградская зима (1971)] [омонимия не снята]"
 йелмез йолпет дан ьсилисон и, еыртсо ,и носились над теплой землей , острые ,", "," холодные запахи, похожие на запахи",Виль Липатов. Еще до войны (1971),Виль Липатов,1927,Еще до войны,1971,художественная,повесть,_,,,книга,омонимия не снята,"Огромное красное солнце давно спряталось за черные осокори и тальники кетского левобережья, сиреневая полоска на горизонте, остывая, линяла с каждой секундой, и носились над теплой землей острые, холодные запахи, похожие на запахи первого снега, хотя на дворе был июнь ― теплый месяц в нарымских краях. [Виль Липатов. Еще до войны (1971)] [омонимия не снята]"
 :ясьтирового теуделс еж узарс оН, яартсо ,Но сразу же следует оговориться: , острая , , пища годится только здоровым людям.,"М. Черников. Север и юг: контрасты питания // «Химия и жизнь», 1969",М. Черников,,Север и юг: контрасты питания,1969,"нехудожественная, публицистика",статья,"здоровье и медицина, легкая и пищевая промышленность, производство",«Химия и жизнь»,1969,журнал,омонимия не снята,"Но сразу же следует оговориться: острая пища годится только здоровым людям. [М. Черников. Север и юг: контрасты питания // «Химия и жизнь», 1969] [омонимия не снята]"
 и йолсик иинелбертопу ирп незелоП, йортсо ,Полезен при употреблении кислой и , острой , , пищи.,"М. Черников. Север и юг: контрасты питания // «Химия и жизнь», 1969",М. Черников,,Север и юг: контрасты питания,1969,"нехудожественная, публицистика",статья,"здоровье и медицина, легкая и пищевая промышленность, производство",«Химия и жизнь»,1969,журнал,омонимия не снята,"Полезен при употреблении кислой и острой пищи. [М. Черников. Север и юг: контрасты питания // «Химия и жизнь», 1969] [омонимия не снята]"
" ,йынзарбоеовс хин зи иливотог ,хыротв-ов", йыртсо ,"во-вторых, готовили из них своеобразный, ", острый , ," напиток, который они называли «","И. Вольпер. Пища богов // «Химия и жизнь», 1967",И. Вольпер,,Пища богов,1967,"нехудожественная, публицистика",статья,"легкая и пищевая промышленность, производство",«Химия и жизнь»,1967,журнал,омонимия не снята,"Кортес и его спутники вскоре узнали, что ацтеки, во-первых, использовали эти бобы вместо монет, а во-вторых, готовили из них своеобразный, острый напиток, который они называли « чоколатль». [И. Вольпер. Пища богов // «Химия и жизнь», 1967] [омонимия не снята]"
 овтсвуч олунтселхаз увалК А, йортсо ,А Клаву захлестнуло чувство , острой , ," вины перед Тамаркой, горячая признательность",Владимир Чивилихин. Про Клаву Иванову (1964),Владимир Чивилихин,1928,Про Клаву Иванову,1964,художественная,повесть,_,,,книга,омонимия не снята,"А Клаву захлестнуло чувство острой вины перед Тамаркой, горячая признательность за все, за все, и обидно было, что эти комитетчики даже не знают, какой Тамарка человек. [Владимир Чивилихин. Про Клаву Иванову (1964)] [омонимия не снята]"
" алатсод ,ытелток еиксвеик еымибюл оге", йыртсо ,"его любимые киевские котлеты, достала ", острый , , сыр и молдавский коньяк.,И. А. Ефремов. Лезвие бритвы (1959-1963),И. А. Ефремов,1908,Лезвие бритвы,1959-1963,художественная,роман,_,,,книга,омонимия не снята,"Она немедленно начала испытанное женское лечение: приготовила его любимые киевские котлеты, достала острый сыр и молдавский коньяк. [И. А. Ефремов. Лезвие бритвы (1959-1963)] [омонимия не снята]"
 лашулгаз ен хартс тотэ окандО, йортсо ,Однако этот страх не заглушал , острой , , вины.,Владимир Тендряков. Суд (1960),Владимир Тендряков,1923,Суд,1960,художественная,повесть,_,,,книга,омонимия не снята,Однако этот страх не заглушал острой вины. [Владимир Тендряков. Суд (1960)] [омонимия не снята]
 йикдиж макинчад тюадорп и цилыбок, йыртсо ,кобылиц и продают дачникам жидкий , острый , , кумыс ― в жару он,Валентина Осеева. Динка (1959),Валентина Осеева,1902,Динка,1959,художественная,роман,_,,,книга,омонимия не снята,Татары держат в степи кобылиц и продают дачникам жидкий острый кумыс ― в жару он такой холодный и приятный. [Валентина Осеева. Динка (1959)] [омонимия не снята]
.икшорк ин олыб ен сан, йыртсО ,нас не было ни крошки., Острый , ," сыр, копченые колбасы и консервы",К. Г. Паустовский. Повесть о жизни. Начало неведомого века (1956),К. Г. Паустовский,1892,Повесть о жизни. Начало неведомого века,1956,художественная,роман,_,,,книга,омонимия не снята,"нас не было ни крошки. Острый сыр, копченые колбасы и консервы с перцем мы ели без хлеба и запивали холодной водопроводной водой. [К. Г. Паустовский. Повесть о жизни. Начало неведомого века (1956)] [омонимия не снята]"
 юунседуч и йач иладоп ман, юуртсо ,нам подали чай и чудесную , острую , ," брынзу, завернутую в мокрую полотняную",К. Г. Паустовский. Золотая роза (1955),К. Г. Паустовский,1892,Золотая роза,1955,художественная,повесть,искусство и культура,,,книга,омонимия не снята,"В чайной нам подали чай и чудесную острую брынзу, завернутую в мокрую полотняную тряпочку. [К. Г. Паустовский. Золотая роза (1955)] [омонимия не снята]"
" тенхап ,еьнакыр ястишылс ,ытапол тятсурХ", юортсо ,"Хрустят лопаты, слышится рыканье, пахнет ", острою , , редькой и капустой.,И. С. Шмелев. Лето Господне (1927-1944),И. С. Шмелев,1873,Лето Господне,1927-1944,художественная,роман,_,,,книга,омонимия не снята,"Хрустят лопаты, слышится рыканье, пахнет острою редькой и капустой. [И. С. Шмелев. Лето Господне (1927-1944)] [омонимия не снята]"
" ,хикпец ,хазалг оге В", хыртсо ,"В его глазах, цепких, ", острых ,", "," горячих, была власть.",Б. Л. Горбатов. Непокоренные (1943),Б. Л. Горбатов,1908,Непокоренные,1943,художественная,повесть,_,,,книга,омонимия не снята,"В его глазах, цепких, острых, горячих, была власть. [Б. Л. Горбатов. Непокоренные (1943)] [омонимия не снята]"
 ажебур огоньлетиноробо евтсьлетиортс о атнорф, яартсО ,фронта о строительстве оборонительного рубежа , Острая , ," Лука, Кокоревка, Погодино, Хинецкое, Быховка",Сборник боевых документов Великой Отечественной войны. Выпуск 43 (1941),,,Сборник боевых документов Великой Отечественной войны. Выпуск 43,1941,"нехудожественная, официально-деловая",приказ,история,,,книга,омонимия не снята,"Военному Совету Брянского фронта о строительстве оборонительного рубежа Острая Лука, Кокоревка, Погодино, Хинецкое, Быховка [Сборник боевых документов Великой Отечественной войны. Выпуск 43 (1941)] [омонимия не снята]"
 ектсачу ан сс /345 №, яартсО ,№ 543/ сс на участке , Острая , ," Лука, Новгород-Северский и далее на",Сборник боевых документов Великой Отечественной войны. Выпуск 43 (1941),,,Сборник боевых документов Великой Отечественной войны. Выпуск 43,1941,"нехудожественная, официально-деловая",приказ,история,,,книга,омонимия не снята,"В связи изменившейся обстановкой на фронте рубеж, утвержденный Государственным Комитетом Обороны от 22 августа № 543/ сс на участке Острая Лука, Новгород-Северский и далее на юго-запад, строительством прекратить. [Сборник боевых документов Великой Отечественной войны. Выпуск 43 (1941)] [омонимия не снята]"
 етнорф ан ажебур оговон овтсьлетиортс, яартсО ,строительство нового рубежа на фронте , Острая , ," Лука, Кокоревка, Льговка, Погодино, Хинецкое,",Сборник боевых документов Великой Отечественной войны. Выпуск 43 (1941),,,Сборник боевых документов Великой Отечественной войны. Выпуск 43,1941,"нехудожественная, официально-деловая",приказ,история,,,книга,омонимия не снята,"Начать строительство нового рубежа на фронте Острая Лука, Кокоревка, Льговка, Погодино, Хинецкое, Быховка, ( иск. [Сборник боевых документов Великой Отечественной войны. Выпуск 43 (1941)] [омонимия не снята]"
" ,аквонсоС етнорф ан ажебур огоньлетиноробо", яартсО ,"оборонительного рубежа на фронте Сосновка, ", Острая , , Лука.,Сборник боевых документов Великой Отечественной войны. Выпуск 43 (1941),,,Сборник боевых документов Великой Отечественной войны. Выпуск 43,1941,"нехудожественная, официально-деловая",приказ,история,,,книга,омонимия не снята,"Продолжать строительство оборонительного рубежа на фронте Сосновка, Острая Лука. [Сборник боевых документов Великой Отечественной войны. Выпуск 43 (1941)] [омонимия не снята]"
 )г, яартсО ,г) , Острая , ," Лука, ",Сборник боевых документов Великой Отечественной войны. Выпуск 43 (1941),,,Сборник боевых документов Великой Отечественной войны. Выпуск 43,1941,"нехудожественная, официально-деловая",приказ,история,,,книга,омонимия не снята,"г) Острая Лука,  [Сборник боевых документов Великой Отечественной войны. Выпуск 43 (1941)] [омонимия не снята]"
" ,ксвечбяР етнорф ан ыварпереп теавыркирп", яартсО ,"прикрывает переправы на фронте Рябчевск, ", Острая , , Лука и 496 сп подготавливает,Сборник боевых документов Великой Отечественной войны. Выпуск 43 (1941),,,Сборник боевых документов Великой Отечественной войны. Выпуск 43,1941,"нехудожественная, официально-деловая",приказ,история,,,книга,омонимия не снята,"148 сд одним полком прикрывает переправы на фронте Рябчевск, Острая Лука и 496 сп подготавливает рубеж Чмыхово, Темная. [Сборник боевых документов Великой Отечественной войны. Выпуск 43 (1941)] [омонимия не снята]"
" ,яаксвонавИ ― пс 456", яартсО ,"654 сп ― Ивановская, ", Острая , , Лука; ,Сборник боевых документов Великой Отечественной войны. Выпуск 43 (1941),,,Сборник боевых документов Великой Отечественной войны. Выпуск 43,1941,"нехудожественная, официально-деловая",приказ,история,,,книга,омонимия не снята,"654 сп ― Ивановская, Острая Лука;  [Сборник боевых документов Великой Отечественной войны. Выпуск 43 (1941)] [омонимия не снята]"
" яегреС ан алертомс ,икшувед тюалед", мыртсо ,"делают девушки, смотрела на Сергея ", острым ,", "," горячим, вопросительным взглядом.",В. К. Кетлинская. Мужество (1934-1938),В. К. Кетлинская,1906,Мужество,1934-1938,художественная,роман,_,,,книга,омонимия не снята,"И, не прикрывая глаза, как обычно делают девушки, смотрела на Сергея острым, горячим, вопросительным взглядом. [В. К. Кетлинская. Мужество (1934-1938)] [омонимия не снята]"
 аН, мортсо ,На , остром ,", ", холодном ветру полыхало багровое полотнище,С. Д. Мстиславский. Грач ― птица весенняя (1937),С. Д. Мстиславский,1876,Грач ― птица весенняя,1937,художественная,повесть,_,,,книга,омонимия не снята,"На остром, холодном ветру полыхало багровое полотнище знамени. [С. Д. Мстиславский. Грач ― птица весенняя (1937)] [омонимия не снята]"
 ан ьтедис меивтсделсоп с матрас, мортсо ,сартам с последствием сидеть на , остром , , коле.,Николай Варенцов. Слышанное. Виденное. Передуманное. Пережитое (1930-1935),Николай Варенцов,1862,Слышанное. Виденное. Передуманное. Пережитое,1930-1935,"нехудожественная, публицистика",мемуары,_,,,книга,омонимия не снята,"Он проникал далеко в глубь степи, рисковал попасть в плен к сартам с последствием сидеть на остром коле. [Николай Варенцов. Слышанное. Виденное. Передуманное. Пережитое (1930-1935)] [омонимия не снята]"
" еелоб илавоберт ежу ыцжрубретеп ,»иманоицкартта", йортсо ,"аттракционами», петербуржцы уже требовали более ", острой , ," пищи, чем та, которую мог",Б. К. Лившиц. Полутораглазый стрелец (1933),Б. К. Лившиц,1887,Полутораглазый стрелец,1933,"нехудожественная, публицистика",мемуары,искусство и культура,,,книга,омонимия не снята,"Умопомрачительный фрак парижанина перечеркивала доморощенная полосатая кофта, и в поединке двух цилиндров ― « цилиндра, как такового» и цилиндра будетлянского ― поражение первого объяснялось отнюдь не патриотизмом русской публики, как известно, всегда готовой оказать предпочтение загранице: перекормленные футуристическими « аттракционами», петербуржцы уже требовали более острой пищи, чем та, которую мог предложить ей неотразимый Макс. [Б. К. Лившиц. Полутораглазый стрелец (1933)] [омонимия не снята]"
 хымас зи уквипыв янем ьтсеч, хыртсо ,честь меня выпивку из самых , острых , ," напитков в знаменитом староримском кабачке,",К. С. Петров-Водкин. Моя повесть. Часть 2. Пространство Эвклида (1932),К. С. Петров-Водкин,1878,Моя повесть. Часть 2. Пространство Эвклида,1932,художественная,повесть,_,,,книга,омонимия не снята,"Тут охотник предложил в честь меня выпивку из самых острых напитков в знаменитом староримском кабачке, где-то возле башни св. [К. С. Петров-Водкин. Моя повесть. Часть 2. Пространство Эвклида (1932)] [омонимия не снята]"
" отч ,ивиЛ ,етйавыбаз еН", яартсо ,"Не забывайте, Ливи, что ", острая , , пища почти всегда разрушает организм.,Л. С. Соболев. Капитальный ремонт (1932),Л. С. Соболев,1898,Капитальный ремонт,1932,художественная,роман,_,,,книга,омонимия не снята,"Не забывайте, Ливи, что острая пища почти всегда разрушает организм. [Л. С. Соболев. Капитальный ремонт (1932)] [омонимия не снята]"
 доп оцил ьтиватсдоп и нарк, еыртсо ,кран и подставить лицо под , острые , ," холодные струйки ― может, вернулась",Л. С. Соболев. Капитальный ремонт (1932),Л. С. Соболев,1898,Капитальный ремонт,1932,художественная,роман,_,,,книга,омонимия не снята,"Юрий поспешил отвернуть кран и подставить лицо под острые холодные струйки ― может, вернулась Ирина Александровна, тогда надо было немедленно привести себя в порядок. [Л. С. Соболев. Капитальный ремонт (1932)] [омонимия не снята]"
" огомас то как ,алшоп ьноВ", огортсо ,"Вонь пошла, как от самого ", острого , , сыра.,В. В. Вересаев. Сестры (1928-1931),В. В. Вересаев,1867,Сестры,1928-1931,художественная,роман,_,,,книга,омонимия не снята,"Вонь пошла, как от самого острого сыра. [В. В. Вересаев. Сестры (1928-1931)] [омонимия не снята]"
 огокат ециньлетасип в оннартс ежад, огортсо ,даже странно в писательнице такого , острого ,", ", холодного ума и такого иронического,Н. А. Тэффи. Моя летопись (1929),Н. А. Тэффи,1872,Моя летопись,1929,художественная,очерк,_,,,книга,омонимия не снята,"Человека этого она ценила необычайно высоко, что было даже странно в писательнице такого острого, холодного ума и такого иронического отношения к людям. [Н. А. Тэффи. Моя летопись (1929)] [омонимия не снята]"
" ,юамуд ,отсемаЗ", хыртсо ,"Заместо, думаю, ", острых , , напитков попрошу чего-нибудь помягче ―,М. М. Зощенко. Лимонад (1926),М. М. Зощенко,1894,Лимонад,1926,художественная,рассказ,_,,,книга,омонимия не снята,"Заместо, думаю, острых напитков попрошу чего-нибудь помягче ― нарзану или же лимонаду». [М. М. Зощенко. Лимонад (1926)] [омонимия не снята]"
" яавилевешоп ,ьтавеж латс мотитеппа с", имыртсо ,"с аппетитом стал жевать, пошевеливая ", острыми , , ушками.,А. А. Фадеев. Разгром (1925-1926),А. А. Фадеев,1901,Разгром,1925-1926,художественная,роман,_,,,книга,омонимия не снята,"Парнишка разломил картофелину, подул на нее, сунул в рот половину вместе с кожурой, повернул на языке и с аппетитом стал жевать, пошевеливая острыми ушками. [А. А. Фадеев. Разгром (1925-1926)] [омонимия не снята]"
 йарк в яарк зи ьсолавудорп, имыртсо ,продувалось из края в край , острыми , , холодными порывами.,Л. М. Леонов. Барсуки (1924),Л. М. Леонов,1899,Барсуки,1924,художественная,роман,_,,,книга,омонимия не снята,Поздней осени гнетущее небо продувалось из края в край острыми холодными порывами. [Л. М. Леонов. Барсуки (1924)] [омонимия не снята]
 и тсор йикьнелам йовс аз, еыртсо ,за свой маленький рост и , острые , , ушки прозванный « Зайцем».,А. А. Фадеев. Разлив (1923),А. А. Фадеев,1901,Разлив,1923,художественная,повесть,_,,,книга,омонимия не снята,"Их купил марьяновский скупщик ― хитрый китаец, за свой маленький рост и острые ушки прозванный « Зайцем». [А. А. Фадеев. Разлив (1923)] [омонимия не снята]"
" ,мыратс а ,моксов ен ынеелкс", мыртсо ,"склеены не воском, а старым, ", острым , , вином: слишком уж быстро пьянело,"Иван Савин. Дроль // «Рижский курьер», № 801, 1923, 1923",Иван Савин,1899,Дроль,1923,художественная,рассказ,_,"«Рижский курьер», № 801, 1923",1923,газета,омонимия не снята,"Можно было подумать, что в нем, в неразумном сердце этом, кусочки воска склеены не воском, а старым, острым вином: слишком уж быстро пьянело оно, таяло, покрывая шарообразные щеки совсем молодым, горячим румянцем. [Иван Савин. Дроль // «Рижский курьер», № 801, 1923, 1923] [омонимия не снята]"
" йищунхап ,йылеб йищучалп конаб зи", ортсо ,"из банок плачущий белый, пахнущий ", остро , ," сыр брынза, вспарывалось текущее жиром",М. С. Шагинян. Перемена (1923),М. С. Шагинян,1888,Перемена,1923,художественная,повесть,_,,,книга,омонимия не снята,"Прислуга на кухне сквозь сон готовила тот же неизменный ужин: летом резались на закуску помидоры и огурцы, делалась « икра» из вареных баклажан, вынимался из банок плачущий белый, пахнущий остро сыр брынза, вспарывалось текущее жиром бронзовое брюхо шамайки, травки всех наименований и запахов, от укропа до белого испанского лука, ложились отдельно, опрыснутые водой, на тарелку; и на печи, посыпанной крупным углем, подогревался бараний соус [М. С. Шагинян. Перемена (1923)] [омонимия не снята]"
" ,йыннилд ляндоп юоварп а ,дерепв", йыртсо ,"вперед, а правою поднял длинный, ", острый , ," кол, ― из плетня его",Д. С. Мережковский. Александр Первый (1922),Д. С. Мережковский,1866,Александр Первый,1922,художественная,роман,_,,,книга,омонимия не снята,"Лунин стоял уже наверху, у плетня, и мог бы перескочить, но, увидев Голицына одного на дороге, спрыгнул к нему, оттолкнул его ко кресту кальвария и стал перед ним; обмотал левую руку плащом, выставил ее вперед, а правою поднял длинный, острый кол, ― из плетня его выдернул. [Д. С. Мережковский. Александр Первый (1922)] [омонимия не снята]"
 ее окьлот ;тен огечин и, еыртсо ,и ничего нет; только ее , острые ,", ", горячие губы.,Е. И. Замятин. Мы (1920),Е. И. Замятин,1884,Мы,1920,художественная,роман,_,,,книга,омонимия не снята,"Потом притянула к себе ― и ничего нет; только ее острые, горячие губы. [Е. И. Замятин. Мы (1920)] [омонимия не снята]"
 ьнечо с акшичьлам йызалговиж оге, имыртсо ,его живоглазый мальчишка с очень , острыми , , ушками и лисьим пухом на,И. А. Бунин. Я все молчу (1913),И. А. Бунин,1870,Я все молчу,1913,художественная,рассказ,_,,,книга,омонимия не снята,"Вот одна из этих тележек: в ней ― маленький человечек, лет сорока, по ушам повязанный бабьим платком, со спокойными молочно- голубыми глазами, высунувший из ветошек тонкую фиолетовую ручку с шестью пальцами; возит его живоглазый мальчишка с очень острыми ушками и лисьим пухом на голове. [И. А. Бунин. Я все молчу (1913)] [омонимия не снята]"
" еиневонсокирп яувтсвуч ,азалг еынмузеб еынреч", огортсо ,"черные безумные глаза, чувствуя прикосновение ", острого , , холодного носа и крепкий запах,И. А. Бунин. Суходол (1911),И. А. Бунин,1870,Суходол,1911,художественная,повесть,_,,,книга,омонимия не снята,"Со страхом глядя в черные безумные глаза, чувствуя прикосновение острого холодного носа и крепкий запах избы, поцеловались мы с подошедшей. [И. А. Бунин. Суходол (1911)] [омонимия не снята]"
 етйаД, еыртсо ,Дайте , острые , , тефтельки по- кайеннски! ,И. С. Шмелев. Человек из ресторана (1911),И. С. Шмелев,1873,Человек из ресторана,1911,художественная,роман,_,,,книга,омонимия не снята,Дайте острые тефтельки по- кайеннски!  [И. С. Шмелев. Человек из ресторана (1911)] [омонимия не снята]
" ан имархив имыдес с ,мокеволеч", мортсо ,"человеком, с седыми вихрами на ", остром , ― ," дынею ― черепе, с жиденькой,",Максим Горький. Городок Окуров (1909),Максим Горький,1868,Городок Окуров,1909,художественная,повесть,_,,,книга,омонимия не снята,"Вернулся Тиунов сорокапятилетним человеком, с седыми вихрами на остром ― дынею ― черепе, с жиденькой, седоватой бородкой на костлявом лице, точно в дыму копчёном, ― на этот раз его одинокое тёмное око смотрело на людей не прячась, серьёзно и задумчиво. [Максим Горький. Городок Окуров (1909)] [омонимия не снята]"
" никесоД теавибто ,идзовг цензук ончот", еыртсо ,"точно кузнец гвозди, отбивает Досекин ", острые ,", ", холодные слова.,Максим Горький. Лето (1909),Максим Горький,1868,Лето,1909,художественная,повесть,_,,,книга,омонимия не снята,"Тенькают синицы, бьёт дятел, шуршит, бегая по стволам, поползень, опадая, шелестят листья, и мерно, точно кузнец гвозди, отбивает Досекин острые, холодные слова. [Максим Горький. Лето (1909)] [омонимия не снята]"
"( атолсик яантоза ,)орберес еовиж", яартсо ,"живое серебро), азотная кислота (", острая , ," водка), семибратняя кровь, стрихнин (",Ал. П. Чехов. Антон Павлович Чехов — лавочник (1908),Ал. П. Чехов,1855,Антон Павлович Чехов — лавочник,1908,"нехудожественная, публицистика",мемуары,частная жизнь,,,книга,омонимия не снята,"Антон Павлович уже в зрелые годы пробовал записать по памяти состав этого « гнезда» и вспомнил, между прочим, что туда входили: нефть, металлическая ртуть ( живое серебро), азотная кислота (острая водка), семибратняя кровь, стрихнин ( кучелеба), сулема, какой-то декокт в виде длинных серых палочек и целая уйма всякой дряни. [Ал. П. Чехов. Антон Павлович Чехов — лавочник (1908)] [омонимия не снята]"
"( атолсик яантоза ,)орберес еовиж", яартсо ,"живое серебро), азотная кислота (", острая , ," водка), семибратняя кровь, стрихнин (",Ал. П. Чехов. Из детских лет А. П. Чехова (1904-1908),Ал. П. Чехов,1855,Из детских лет А. П. Чехова,1904-1908,"нехудожественная, публицистика",мемуары,"бизнес, коммерция, экономика, финансы, искусство и культура, образование, религия, частная жизнь",,,книга,омонимия не снята,"Антон Павлович уже в зрелые годы пробовал записать по памяти состав этого « гнезда» и вспомнил, между прочим, что туда входили: нефть, металлическая ртуть ( живое серебро), азотная кислота (острая водка), семибратняя кровь, стрихнин ( кучелаба), сулема, какой-то декокт в виде длинных серых палочек и целая уйма всякой дряни. [Ал. П. Чехов. Из детских лет А. П. Чехова (1904-1908)] [омонимия не снята]"
 еокак и еинеджалсан еокаК, еортсо ,Какое наслаждение и какое , острое ,", ", сладкое страдание! ,А. И. Куприн. Поединок (1905),А. И. Куприн,1870,Поединок,1905,художественная,повесть,_,,,книга,омонимия не снята,"Какое наслаждение и какое острое, сладкое страдание!  [А. И. Куприн. Поединок (1905)] [омонимия не снята]"
" ,имаксуказ имындолох илыб ынелватсу ,ывокдоп", имыртсо ,"подковы, уставлены были холодными закусками, ", острыми , ," соленьями и копченьями, возбуждающими жажду.",Д. С. Мережковский. Петр и Алексей (1905),Д. С. Мережковский,1866,Петр и Алексей,1905,художественная,роман,_,,,книга,омонимия не снята,"Длинные узкие столы, расположенные в виде подковы, уставлены были холодными закусками, острыми соленьями и копченьями, возбуждающими жажду. [Д. С. Мережковский. Петр и Алексей (1905)] [омонимия не снята]"
 ерытеЧ, хыртсо ,Четыре , острых , , уха черными треугольниками торчали на,С. Н. Сергеев-Ценский. Дифтерит (1904),С. Н. Сергеев-Ценский,1875,Дифтерит,1904,художественная,рассказ,_,,,книга,омонимия не снята,Четыре острых уха черными треугольниками торчали на темном беззвездном небе. [С. Н. Сергеев-Ценский. Дифтерит (1904)] [омонимия не снята]
 к илевдоп и ешьлад оге, умортсо ,его дальше и подвели к , острому , , колу.,А. Е. Зарин. Кровавый пир (1901),А. Е. Зарин,1862,Кровавый пир,1901,художественная,роман,_,,,книга,омонимия не снята,Стрельцы повели его дальше и подвели к острому колу. [А. Е. Зарин. Кровавый пир (1901)] [омонимия не снята]
" вижоротсан ,акчолеб яадолом имакзалг имылгурк", еыртсо ,"круглыми глазками молодая белочка, насторожив ", острые , , ушки.,А. А. Богданов. На Ладоге (1900-1901),А. А. Богданов,1874,На Ладоге,1900-1901,художественная,рассказ,_,,,книга,омонимия не снята,"А с самой верхушки сосны посматривает на него удивленными круглыми глазками молодая белочка, насторожив острые ушки. [А. А. Богданов. На Ладоге (1900-1901)] [омонимия не снята]"
" ащеперт ,етсем мондо ан термаз", имыртсо ,"замрет на одном месте, трепеща ", острыми , , крылышками.,И. А. Бунин. Антоновские яблоки (1900),И. А. Бунин,1870,Антоновские яблоки,1900,художественная,рассказ,_,,,книга,омонимия не снята,"Взовьется откуда-нибудь ястребок в прозрачном воздухе и замрет на одном месте, трепеща острыми крылышками. [И. А. Бунин. Антоновские яблоки (1900)] [омонимия не снята]"
 иматрос имынжомзовесв ос йач и, хыртсо ,и чай со всевозможными сортами , острых , , сыров и вкусных печений подавались,Н. Г. Гарин-Михайловский. Гимназисты (1895),Н. Г. Гарин-Михайловский,1852,Гимназисты,1895,художественная,повесть,_,,,книга,омонимия не снята,"Такие закуски и чай со всевозможными сортами острых сыров и вкусных печений подавались обыкновенно, когда компания, начитавшись, утомлялась и начинала чувствовать какую-то пустоту внутри. [Н. Г. Гарин-Михайловский. Гимназисты (1895)] [омонимия не снята]"
 имиовс ларибереп отсач оге ьнок, имыртсо ,конь его часто перебирал своими , острыми , ," ушками, как он кивал беспрестанно","Ф. Д. Крюков. Гулебщики // «Исторический вестник», 1892",Ф. Д. Крюков,1870,Гулебщики,1892,художественная,рассказ,_,«Исторический вестник»,1892,журнал,омонимия не снята,"Казаки ехали шагом, изредка лишь пускали мелкой рысцой, Филипп все молчал, глядел в степь, слушал Белоуса и плохо его слышал: больше занимало его, как буланый конь его часто перебирал своими острыми ушками, как он кивал беспрестанно головой и махал хвостом, отгоняя мух, изредка нагибался, хватал траву и потом долго жевал ее. [Ф. Д. Крюков. Гулебщики // «Исторический вестник», 1892] [омонимия не снята]"
 ьсемс яаксда от-яакак отэ ―, йортсо ,― это какая-то адская смесь , острой , , водки и святой воды.,С. А. Андреевский. Речь в защиту Иванова (1891),С. А. Андреевский,1847,Речь в защиту Иванова,1891,"нехудожественная, публицистика",речь,право,,,книга,омонимия не снята,Наша любовь ― это какая-то адская смесь острой водки и святой воды. [С. А. Андреевский. Речь в защиту Иванова (1891)] [омонимия не снята]
"« ,тежом ьтыб ,аД", йортсо ,"Да, быть может, «", острой , ," водки», то есть вожделения, страсти,",С. А. Андреевский. Речь в защиту Иванова (1891),С. А. Андреевский,1847,Речь в защиту Иванова,1891,"нехудожественная, публицистика",речь,право,,,книга,омонимия не снята,"Да, быть может, «острой водки», то есть вожделения, страсти, но за то и ― « святой воды», то есть искание какого-то идеала. [С. А. Андреевский. Речь в защиту Иванова (1891)] [омонимия не снята]"
" имиовс худзов йынся яазерзар ,икчотсал", имыртсо ,"ласточки, разрезая ясный воздух своими ", острыми , , крылышками.,"А. И. Эртель. Гарденины, их дворня, приверженцы и враги (1889)",А. И. Эртель,1855,"Гарденины, их дворня, приверженцы и враги",1889,художественная,роман,_,,,книга,омонимия не снята,"Высоко взлетали ласточки, разрезая ясный воздух своими острыми крылышками. [А. И. Эртель. Гарденины, их дворня, приверженцы и враги (1889)] [омонимия не снята]"
" ,", йортсо ,", ", острой , , водки 1 зол.,А. П. Чехов. Из дневника помощника бухгалтера (1883),А. П. Чехов,1860,Из дневника помощника бухгалтера,1883,художественная,миниатюра,_,,,книга,омонимия не снята,", острой водки 1 зол. [А. П. Чехов. Из дневника помощника бухгалтера (1883)] [омонимия не снята]"
 и алсам огонсоропук едоваз ан, йортсо ,на заводе купоросного масла и , острой , , водки.,Н. И. Костомаров. Русская история в жизнеописаниях ее главнейших деятелей. Выпуск шестой: XVIII столетие (1862-1875),Н. И. Костомаров,1817,Русская история в жизнеописаниях ее главнейших деятелей. Выпуск шестой: XVIII столетие,1862-1875,"нехудожественная, учебно-научная","очерк, цикл",_,,,книга,омонимия не снята,В том же году дана была привилегия Соловьеву и купцам Томиловым на заводе купоросного масла и острой водки. [Н. И. Костомаров. Русская история в жизнеописаниях ее главнейших деятелей. Выпуск шестой: XVIII столетие (1862-1875)] [омонимия не снята]
 илшорп йитерт в ;унсоС и, юуртсО ,и Сосну; в третий прошли , Острую , ," Луку, в четвертый Кривой Бор;",Д. И. Иловайский. История Рязанского княжества (1858),Д. И. Иловайский,1832,История Рязанского княжества,1858,"нехудожественная, учебно-научная",монография,история,,,книга,омонимия не снята,"На второй день речного плавания миновали две реки Мечу и Сосну; в третий прошли Острую Луку, в четвертый Кривой Бор; в шестой достигли устья Воронежа. [Д. И. Иловайский. История Рязанского княжества (1858)] [омонимия не снята]"
 икжол еыволотс евд адут ьтилв, йортсо ,влить туда две столовые ложки , острой , ," водки и подогретого уксуса, ―",Н. В. Гоголь. Нос (1836),Н. В. Гоголь,1809,Нос,1836,художественная,повесть,_,,,книга,омонимия не снята,"А нос я вам советую положить в банку со спиртом или, еще лучше, влить туда две столовые ложки острой водки и подогретого уксуса, ― и тогда вы можете взять за него порядочные деньги. [Н. В. Гоголь. Нос (1836)] [омонимия не снята]"
" кинротв ов ,унсоС и учеМ", юуртсО ,"Мечу и Сосну, во вторник ", Острую , ," Луку, в среду Кривой Бор,",Н. М. Карамзин. История государства Российского: Том 5 (1809-1820),Н. М. Карамзин,1766,История государства Российского: Том 5,1809-1820,"нехудожественная, публицистика, учебно-научная",монография,"история, наука и технологии",,,книга,омонимия не снята,"В понедельник миновали мы реку Мечу и Сосну, во вторник Острую Луку, в среду Кривой Бор, а в шестой день плавания устье Воронежа. [Н. М. Карамзин. История государства Российского: Том 5 (1809-1820)] [омонимия не снята]"
" и мичутел ,ател еикстед в", мыртсо ,"в детские лета, летучим и ", острым , ," спиртом своим снедает оно соки,",неизвестный. О воспитании и наставлении детей [перевод] (1783),неизвестный,,О воспитании и наставлении детей [перевод],1783,"нехудожественная, публицистика",статья,образование,,,книга,омонимия не снята,"Сие состояние существенно и нужно их возрасту; но вино переменяет его и потому весьма бывает опасно в детские лета, летучим и острым спиртом своим снедает оно соки, потребные к образованию крепких частей в детстве, иссушает тело и чрез то препятствует натурально росту. [неизвестный. О воспитании и наставлении детей [перевод] (1783)] [омонимия не снята]"
 ъхымас од ежад ъхыбалс ъто, ъхыртсо ,отъ слабыхъ даже до самыхъ , острыхъ , , снѣдей легко привыкаютъ; и что,П. И. Погоретский. Опытъ о пользѣ трезвыя жизни [перевод сочинения Л. Корнелия] (1768),П. И. Погоретский,1734,Опытъ о пользѣ трезвыя жизни [перевод сочинения Л. Корнелия],1768,"нехудожественная, публицистика",трактат,здоровье и медицина,,,книга,омонимия не снята,"Въ Наблюденіяхъ Врачей находимъ довольно примѣровъ, что роскошные люди отъ слабыхъ даже до самыхъ острыхъ снѣдей легко привыкаютъ; и что Французскою поварнею и ихъ заѣдками испорченный желудокъ инако не алчетъ, какъ только отъ такихъ вещей, которыя его или рѣдкимъ употребленіемъ, или необычайнымъ качествомъ паче протчихъ раздражаютъ. [П. И. Погоретский. Опытъ о пользѣ трезвыя жизни [перевод сочинения Л. Корнелия] (1768)] [омонимия не снята]"